-- MySQL dump 10.13  Distrib 8.0.33, for Win64 (x86_64)
--
-- Host: 127.0.0.1    Database: movie
-- ------------------------------------------------------
-- Server version	8.0.33

/*!40101 SET @OLD_CHARACTER_SET_CLIENT=@@CHARACTER_SET_CLIENT */;
/*!40101 SET @OLD_CHARACTER_SET_RESULTS=@@CHARACTER_SET_RESULTS */;
/*!40101 SET @OLD_COLLATION_CONNECTION=@@COLLATION_CONNECTION */;
/*!50503 SET NAMES utf8 */;
/*!40103 SET @OLD_TIME_ZONE=@@TIME_ZONE */;
/*!40103 SET TIME_ZONE='+00:00' */;
/*!40014 SET @OLD_UNIQUE_CHECKS=@@UNIQUE_CHECKS, UNIQUE_CHECKS=0 */;
/*!40014 SET @OLD_FOREIGN_KEY_CHECKS=@@FOREIGN_KEY_CHECKS, FOREIGN_KEY_CHECKS=0 */;
/*!40101 SET @OLD_SQL_MODE=@@SQL_MODE, SQL_MODE='NO_AUTO_VALUE_ON_ZERO' */;
/*!40111 SET @OLD_SQL_NOTES=@@SQL_NOTES, SQL_NOTES=0 */;

--
-- Table structure for table `movie`
--

DROP TABLE IF EXISTS `movie`;
/*!40101 SET @saved_cs_client     = @@character_set_client */;
/*!50503 SET character_set_client = utf8mb4 */;
CREATE TABLE `movie` (
  `movie_name` varchar(50) NOT NULL,
  `movie_director` varchar(30) NOT NULL,
  `movie_star` varchar(30) NOT NULL,
  `movie_genre` varchar(15) NOT NULL,
  `movie_type` varchar(5) NOT NULL,
  `movie_releasedate` date NOT NULL,
  `movie_agecut` varchar(10) NOT NULL,
  `movie_price` int NOT NULL,
  `movie_intro` longtext NOT NULL,
  `movie_link` varchar(300) DEFAULT NULL,
  PRIMARY KEY (`movie_name`),
  UNIQUE KEY `movie_name_UNIQUE` (`movie_name`)
) ENGINE=InnoDB DEFAULT CHARSET=utf8mb3;
/*!40101 SET character_set_client = @saved_cs_client */;

--
-- Dumping data for table `movie`
--

LOCK TABLES `movie` WRITE;
/*!40000 ALTER TABLE `movie` DISABLE KEYS */;
INSERT INTO `movie` VALUES ('극한직업','이병헌','류승룡','코미디','장편','2019-01-23','15',15000,'불철주야 달리고 구르지만 실적은 바닥, 급기야 해체 위기를 맞는 마약반! 더 이상 물러설 곳이 없는 팀의 맏형 고반장은 국제 범죄조직의 국내 마약 밀반입 정황을 포착하고 장형사, 마형사, 영호, 재훈까지 4명의 팀원들과 함께 잠복 수사에 나선다. 마약반은 24시간 감시를 위해 범죄조직의 아지트 앞 치킨집을 인수해 위장 창업을 하게 되고, 뜻밖의 절대미각을 지닌 마형사의 숨은 재능으로 치킨집은 일약 맛집으로 입소문이 나기 시작한다. 수사는 뒷전, 치킨장사로 눈코 뜰 새 없이 바빠진 마약반에게 어느 날 절호의 기회가 찾아오는데… 범인을 잡을 것인가, 닭을 잡을 것인가!','https://www.youtube.com/embed/BaIRaKXrLPk?si=veOe9DkflzlpZggD'),('기생충','봉준호','송강호','드라마','장편','2019-05-30','15',16000,'전원백수로 살 길 막막하지만 사이는 좋은 기택(송강호) 가족. 장남 기우(최우식)에게 명문대생 친구가 연결시켜 준 고액 과외 자리는 모처럼 싹튼 고정수입의 희망이다. 온 가족의 도움과 기대 속에 박사장(이선균) 집으로 향하는 기우. 글로벌 IT기업 CEO인 박사장의 저택에 도착하자 젊고 아름다운 사모님 연교(조여정)가 기우를 맞이한다. 그러나 이렇게 시작된 두 가족의 만남 뒤로, 걷잡을 수 없는 사건이 기다리고 있었으니…','https://www.youtube.com/embed/jBdRhhSt3Bc?si=xVKnBza9CRQ8pXH4'),('스파이더맨노웨이홈','존 왓츠','톰 홀랜드','액션','장편','2021-12-15','12',18000,'‘미스테리오’의 계략으로 세상에 정체가 탄로난 스파이더맨 ‘피터 파커’는 하루 아침에 평범한 일상을 잃게 된다. 문제를 해결하기 위해 ‘닥터 스트레인지’를 찾아가 도움을 청하지만 뜻하지 않게 멀티버스가 열리면서 각기 다른 차원의 불청객들이 나타난다. ‘닥터 옥토퍼스’를 비롯해 스파이더맨에게 깊은 원한을 가진 숙적들의 강력한 공격에 ‘피터 파커’는 사상 최악의 위기를 맞게 되는데…','https://www.youtube.com/embed/W7edvITC9g4?si=Q3byfDtp7FSB7zOQ'),('신과함께인과연','김용화','하정우','판타지','장편','2018-08-01','12',15500,'천 년 동안 48명의 망자를 환생시킨 저승 삼차사, 한 명만 더 환생시키면 그들도 새로운 삶을 얻을 수 있다. 하지만 강림(하정우)은 원귀였던 수홍(김동욱)을 자신들의 마지막 귀인으로 정하는 이해할 수 없는 선택을 한다. 저승법 상 원귀는 소멸되어야 마땅하나 염라대왕(이정재)은 저승 삼차사에게 새로운 조건을 내걸며 강림의 제안을 수락한다. 염라의 조건은 성주신(마동석)이 버티고 있어 저승 차사들이 가는 족족 실패하는 허춘삼 노인을 수홍의 재판이 끝나기 전까지 저승으로 데려오는 것. 허춘삼을 데리러 이승으로 내려간 해원맥(주지훈)과 덕춘(김향기), 하지만 성주신의 막강한 힘 앞에 속수무책으로 당하기만 하던 중 우연히 그가 천 년 전 과거에 해원맥과 덕춘을 저승으로 데려간 저승 차사였다는 사실을 알게 된다. 스스로도 기억 못 하는 과거에 대한 호기심으로 해원맥과 덕춘은 성주신과 거래를 시작하는데… 이승과 저승, 현재와 과거를 오가는 천 년의 비밀이 밝혀진다!','https://www.youtube.com/embed/amXcMw8cJZk?si=f5Hk0WSHtdMCaqss'),('아바타물의길','제임스 카메론','샘 워싱턴','액션','장편','2022-12-14','12',15000,'<아바타: 물의 길>은 판도라 행성에서 \'제이크 설리\'와 \'네이티리\'가 이룬 가족이 겪게 되는 무자비한 위협과 살아남기 위해 떠나야 하는 긴 여정과 전투, 그리고 견뎌내야 할 상처에 대한 이야기를 그렸다. 월드와이드 역대 흥행 순위 1위를 기록한 전편 <아바타>에 이어 제임스 카메론 감독이 13년만에 선보이는 영화로, 샘 워싱턴, 조 샐다나, 시고니 위버, 스티븐 랭, 케이트 윈슬렛이 출연하고 존 랜도가 프로듀싱을 맡았다','https://www.youtube.com/embed/kihrFxwdMb4?si=K3Uyn8pFKzdA8rxz'),('오펜하이머','크리스토퍼 놀란','킬리언 머피','스릴러','장편','2023-08-15','15',15000,'“나는 이제 죽음이요, 세상의 파괴자가 되었다.” 세상을 구하기 위해 세상을 파괴할 지도 모르는 선택을 해야 하는 천재 과학자의 핵개발 프로젝트.','https://www.youtube.com/embed/oSqK_v6zPoM?si=vmNu5j03LgjVkU9g'),('탑건매버릭','조셉 코신스키','톰 크루즈','액션','장편','2022-06-22','12',13000,'최고의 파일럿이자 전설적인 인물 매버릭(톰 크루즈)은 자신이 졸업한 훈련학교 교관으로 발탁된다. 그의 명성을 모르던 팀원들은 매버릭의 지시를 무시하지만 실전을 방불케 하는 상공 훈련에서 눈으로 봐도 믿기 힘든 전설적인 조종 실력에 모두가 압도된다. 매버릭의 지휘아래 견고한 팀워크를 쌓아가던 팀원들에게 국경을 뛰어넘는 위험한 임무가 주어지자 매버릭은 자신이 가르친 동료들과 함께 마지막이 될 지 모를 하늘 위 비행에 나서는데…','https://www.youtube.com/embed/Mrj9XACVJ8U?si=D8wzjOYOIaMbfQNv'),('테넷','크리스토퍼 놀란','존 데이비드 워싱턴','액션','장편','2020-08-26','12',15000,'시간의 흐름을 뒤집는 인버전을 통해 현재와 미래를 오가며 세상을 파괴하려는 사토르(케네스 브래너)를 막기 위해 투입된 작전의 주도자(존 데이비드 워싱턴). 인버전에 대한 정보를 가진 닐(로버트 패틴슨)과 미술품 감정사이자 사토르에 대한 복수심이 가득한 그의 아내 캣(엘리자베스 데비키)과 협력해 미래의 공격에 맞서 제3차 세계대전을 막아야 한다!','https://www.youtube.com/embed/7oKAPbnl7mQ?si=DnxsZ8odUPpMcIVO');
/*!40000 ALTER TABLE `movie` ENABLE KEYS */;
UNLOCK TABLES;

--
-- Table structure for table `mu_review`
--

DROP TABLE IF EXISTS `mu_review`;
/*!40101 SET @saved_cs_client     = @@character_set_client */;
/*!50503 SET character_set_client = utf8mb4 */;
CREATE TABLE `mu_review` (
  `mu_review_id` int NOT NULL AUTO_INCREMENT,
  `mu_review_uid` varchar(45) DEFAULT NULL,
  `mu_review_grade` int DEFAULT NULL,
  `mu_review_olreview` varchar(100) DEFAULT NULL,
  `mu_review_musicalname` varchar(45) DEFAULT NULL,
  `mu_review_writedate` date DEFAULT NULL,
  PRIMARY KEY (`mu_review_id`)
) ENGINE=InnoDB AUTO_INCREMENT=13 DEFAULT CHARSET=utf8mb4 COLLATE=utf8mb4_0900_ai_ci;
/*!40101 SET character_set_client = @saved_cs_client */;

--
-- Dumping data for table `mu_review`
--

LOCK TABLES `mu_review` WRITE;
/*!40000 ALTER TABLE `mu_review` DISABLE KEYS */;
INSERT INTO `mu_review` VALUES (1,'aaa1',2,'1','레미제라블','2023-10-13'),(2,'aaa1',3,'1','프랑켄슈타인','2023-10-13'),(3,'aaa1',4,'1','캣츠','2023-10-13'),(4,'aaa1',1,'1','지킬앤하이드','2023-10-13'),(5,'aaa1',2,'1','웃는남자','2023-10-13'),(6,'aaa1',3,'1','오페라의유령','2023-10-13'),(7,'aaa1',4,'1','맘마미아','2023-10-13'),(8,'aaa1',5,'1','레베카','2023-10-13'),(11,'aaa1',2,'재밌네요','레베카','2023-10-14'),(12,'aaa1',4,'재밌네요dd','레베카','2023-10-14');
/*!40000 ALTER TABLE `mu_review` ENABLE KEYS */;
UNLOCK TABLES;

--
-- Table structure for table `musical`
--

DROP TABLE IF EXISTS `musical`;
/*!40101 SET @saved_cs_client     = @@character_set_client */;
/*!50503 SET character_set_client = utf8mb4 */;
CREATE TABLE `musical` (
  `musical_name` varchar(45) NOT NULL,
  `musical_actor` varchar(45) DEFAULT NULL,
  `musical_agecut` int DEFAULT NULL,
  `musical_info` varchar(700) DEFAULT NULL,
  `musical_price` int DEFAULT NULL,
  PRIMARY KEY (`musical_name`)
) ENGINE=InnoDB DEFAULT CHARSET=utf8mb4 COLLATE=utf8mb4_0900_ai_ci;
/*!40101 SET character_set_client = @saved_cs_client */;

--
-- Dumping data for table `musical`
--

LOCK TABLES `musical` WRITE;
/*!40000 ALTER TABLE `musical` DISABLE KEYS */;
INSERT INTO `musical` VALUES ('레미제라블','민우혁',7,'기구한 운명의 청년 장발장이 빵을 훔친 죄로 19년을 감옥에서 지내고, 가석방되지만 전과자에 대한 세상의 배척과 멸시에서 벗어나지 못한다.',21000),('레베카','류정한',8,'불의의 사고로 아내 레베카를 잃고 힘든 나날을 보내고 있는 막심 드 윈터, 그는 몬테카를로 여행 중 우연히 ‘나’를 만나 사랑에 빠지게 된다. 행복한 결혼식을 올린 두 사람은 막심의 저택인 맨덜리에서 함께 생활하게 되는데... 맨덜리는 아름다웠지만 음산하고 기묘한 분위기를 풍기는 곳이기도 했다. 마치 죽은 레베카가 살아 숨 쉬고 있는 것처럼 맨덜리의 모든 것은 여전히 레베카에게 깊게 물들어 있고 집사 댄버스 부인은 시종일관 무표정을 유지하며 ‘나’에게 경계심을 드러낸다. 사랑하는 막심과의 행복한 삶을 꿈꾸던 ‘나’는 점점 위축되어 가고 오해가 쌓여 막심과의 관계도 위태로워진다. ‘나’가 자괴감에 빠져 괴로워할 때, 레베카의 보트와 시신이 우연히 발견되면서 상황은 새로운 국면을 맞이하게 되는데...',24000),('맘마미아','최정원',8,'대는 그리스 지중해의 외딴섬... 젊은 날 한때 꿈 많던 아마추어 그룹 리드 싱어였으나 지금은 작은 모텔의 여주인이 된 도나(Donna)와 그녀의 스무 살 난 딸 소피(Sophie)가 주인공이다. 도나의 보살핌 아래 홀로 성장해온 소피는 약혼자 스카이(Sky)와의 결혼을 앞두고 아빠를 찾고 싶어 하던 중 엄마가 처녀시절 쓴 일기장을 몰래 훔쳐보게 된다. 그리고 그 안에서 찾은, 자신의 아버지일 가능성이 있는 세 명의 남자, 샘(Sam Carnichael), 빌(Bill Austin), 해리(Harry Bright)에게 어머니의 이름으로 초청장을 보내는데...',22000),('오페라의유령','조승우',7,'13년 간의 긴 기다림… 마침내 한국의 유령이 온다! 환영과도 같은 무대 사라지지 않을 영원한 당신의 첫 감동! 13년 만에 오페라 하우스의 문이 열린다',20000),('웃는남자','박효신',8,'‘부자들의 낙원은 가난한 자들의 지옥으로 세워진 것이다’ 17세기 영국, 아이들을 납치해 기형적인 괴물로 만들어 귀족들의 놀잇감으로 팔던 인신 매매단 콤프라치코스에 의해 기이하게 찢겨진 입을 갖게 된 어린 그윈플렌은 매서운 눈보라 속에 홀로 버려진다. 살을 에는 추위 속을 헤매던 그윈플렌은 얼어 죽은 여자의 품에 안겨 젖을 물고 있는 아기 데아를 발견하고 우연히 떠돌이 약장수 우르수스를 만나 도움을 청한다. 우르루스는 평소 인간을 혐오하지만 두 아이를 거두기로 결심하고 그윈플렌의 기형적인 미소와 눈 먼 데아의 이야기를 이용해 유랑극단을 꾸린다. 어느덧 성장한 그윈플렌은 기이한 미소 덕분에 유럽 전역에서 가장 유명한 광대가 되고 그의 공연을 본 앤 여왕의 이복동생 조시아나는 그의 매력에 푹 빠져버린다. 생애 처음으로 귀족인 조시아나에게 구애를 받은 그윈플렌은 고혹적인 그녀의 유혹에 순수했던 마음이 흔들리고, 우르수스와 데아는 그런 그윈플렌의 모습에 남몰래 가슴앓이 한다. 그러던 중 그윈플렌은 ‘눈물의 성’이라는 악명 높은 고문소로 끌려가게 되는데, 생각지도 못했던 그의 출생의 비밀이 밝혀지며 간신히 평화를 찾았던 세 사람의 삶이 송두리째 흔들린다.',22000),('지킬앤하이드','카이',14,'지금 이 순간, 단 하나의 선택! 뮤지컬 <지킬앤하이드> 대한민국 뮤지컬 역사상 가장 압도적인 흥행작. 2004년 국내 초연 이후 누적 회차 1,410회, 평균 객석 점유율 95%, 누적 관객수 150만 명을 돌파한 그 누구도 넘볼 수 없는 명성! 대한민국 뮤지컬의 절대적 기준이자 살아있는 신화 <지킬앤하이드>가 오디컴퍼니 창립 20주년 세 번째 라인업으로 돌아온다. 당신의 심장을 뛰게 할 전율의 무대. 대중적으로 큰 사랑을 받고 있는 대표곡 \'This is the Moment\', 아름답고 서정적인 선율의 \'Someone Like You\', \'Once Upon a Dream\', 숨이 멎을 듯 강렬한 \'Alive\', \'The Confrontation\'까지! 한국인이 가장 사랑하는 작곡가 프랭크 와일드혼의 주옥같은 넘버와 함께 최고의 무대를 선보인다. 끝나지 않은 신화를 이어갈 레전드 캐스트. 지킬과 하이드를 넘나드는 고난도 연기력과 폭발적인 가창력으로 선과 악의 양면성을 보여줄 ‘지킬/하이드’역의 류정한, 홍광호, 신성록. 강렬한 매력으로 비극적 로맨스를 더할 ‘루시’역의 윤공주, 아이비, 선민. 변함없는 사랑으로 지킬의 곁을 지키는 ‘엠마’역의 조정은, 최수진, 민경아까지. 전설의 주역과 NEW 캐스트의 만남으로 다시 한번 흥행 열풍을 이어간다.',20000),('캣츠','에린 코넬',7,'전 세계가 사랑한 명작 오리지널 매력 그대로! 연말연시, 젤리클 고양이들의 환상적인 축제가 시작된다! JELLICLE BALL IS COMING!',25000),('프랑켄슈타인','민우혁',14,'\"신을 믿어 지독하게. 하지만 그건 축복을 통해서가 아니라 저주를 통해서지. 만약 신이 없다면 누가 이 세상을 이런 지옥을 만들 수 있었을까?\"',26000);
/*!40000 ALTER TABLE `musical` ENABLE KEYS */;
UNLOCK TABLES;

--
-- Table structure for table `reserve`
--

DROP TABLE IF EXISTS `reserve`;
/*!40101 SET @saved_cs_client     = @@character_set_client */;
/*!50503 SET character_set_client = utf8mb4 */;
CREATE TABLE `reserve` (
  `reserve_id` int NOT NULL AUTO_INCREMENT,
  `reserve_uid` varchar(20) NOT NULL,
  `reserve_seat` varchar(10) NOT NULL,
  `reserve_moviestart` datetime(6) NOT NULL,
  `reserve_movieend` datetime(6) NOT NULL,
  `reserve_moviename` varchar(50) NOT NULL,
  PRIMARY KEY (`reserve_id`),
  UNIQUE KEY `reserve_id_UNIQUE` (`reserve_id`),
  KEY `reserve_uid_idx` (`reserve_uid`),
  KEY `reserve_moviename_idx` (`reserve_moviename`),
  CONSTRAINT `reserve_uid` FOREIGN KEY (`reserve_uid`) REFERENCES `user` (`User_ID`) ON DELETE CASCADE ON UPDATE CASCADE
) ENGINE=InnoDB AUTO_INCREMENT=201 DEFAULT CHARSET=utf8mb3;
/*!40101 SET character_set_client = @saved_cs_client */;

--
-- Dumping data for table `reserve`
--

LOCK TABLES `reserve` WRITE;
/*!40000 ALTER TABLE `reserve` DISABLE KEYS */;
INSERT INTO `reserve` VALUES (56,'aaa1','5_5','2023-07-07 00:00:00.000000','2023-07-07 02:00:00.000000','극한직업'),(57,'aaa1','5_6','2023-07-07 00:00:00.000000','2023-07-07 02:00:00.000000','극한직업'),(58,'aaa1','4_7','2023-10-11 13:00:00.000000','2023-10-11 15:10:00.000000','오펜하이머'),(59,'aaa1','4_8','2023-10-11 13:00:00.000000','2023-10-11 15:10:00.000000','오펜하이머'),(60,'aaa1','4_6','2023-10-11 10:00:00.000000','2023-10-11 12:10:00.000000','오펜하이머'),(61,'aaa1','4_5','2023-10-11 10:00:00.000000','2023-10-11 12:10:00.000000','오펜하이머'),(62,'aaa1','4_7','2023-10-14 07:00:00.000000','2023-10-14 09:10:00.000000','스파이더맨노웨이홈'),(63,'aaa1','4_8','2023-10-14 07:00:00.000000','2023-10-14 09:10:00.000000','스파이더맨노웨이홈'),(64,'aaa1','5_4','2023-10-12 07:00:00.000000','2023-10-12 09:10:00.000000','오펜하이머'),(65,'aaa1','5_7','2023-10-12 07:00:00.000000','2023-10-12 09:10:00.000000','오펜하이머'),(66,'aaa1','5_6','2023-10-12 07:00:00.000000','2023-10-12 09:10:00.000000','오펜하이머'),(67,'aaa1','5_5','2023-10-12 07:00:00.000000','2023-10-12 09:10:00.000000','오펜하이머'),(68,'aaa1','4_7','2023-10-14 13:00:00.000000','2023-10-14 15:10:00.000000','테넷'),(69,'aaa1','4_8','2023-10-14 13:00:00.000000','2023-10-14 15:10:00.000000','테넷'),(70,'aaa1','4_7','2023-10-15 07:00:00.000000','2023-10-15 09:10:00.000000','기생충'),(71,'aaa1','4_6','2023-10-15 07:00:00.000000','2023-10-15 09:10:00.000000','기생충'),(72,'aaa1','4_8','2023-10-20 16:00:00.000000','2023-10-20 18:10:00.000000','극한직업'),(73,'aaa1','4_7','2023-10-20 16:00:00.000000','2023-10-20 18:10:00.000000','극한직업'),(74,'aaa1','4_1','2023-10-12 19:00:00.000000','2023-10-12 21:10:00.000000','아바타물의길'),(75,'aaa1','4_2','2023-10-12 19:00:00.000000','2023-10-12 21:10:00.000000','아바타물의길'),(76,'aaa1','4_8','2023-10-11 07:00:00.000000','2023-10-11 09:10:00.000000','오펜하이머'),(77,'aaa1','4_7','2023-10-11 07:00:00.000000','2023-10-11 09:10:00.000000','오펜하이머'),(78,'aaa1','4_6','2023-10-12 16:00:00.000000','2023-10-12 18:10:00.000000','신과함께인과연'),(79,'aaa1','4_7','2023-10-12 16:00:00.000000','2023-10-12 18:10:00.000000','신과함께인과연'),(80,'aaa1','4_8','2023-10-12 16:00:00.000000','2023-10-12 18:10:00.000000','신과함께인과연'),(81,'bbb2','4_1','2023-10-20 16:00:00.000000','2023-10-20 18:10:00.000000','극한직업'),(82,'bbb2','4_2','2023-10-20 16:00:00.000000','2023-10-20 18:10:00.000000','극한직업'),(83,'bbb2','5_2','2023-10-20 16:00:00.000000','2023-10-20 18:10:00.000000','극한직업'),(84,'bbb2','5_1','2023-10-20 16:00:00.000000','2023-10-20 18:10:00.000000','극한직업'),(85,'bbb2','6_1','2023-10-20 16:00:00.000000','2023-10-20 18:10:00.000000','극한직업'),(86,'bbb2','6_2','2023-10-20 16:00:00.000000','2023-10-20 18:10:00.000000','극한직업'),(87,'bbb2','7_2','2023-10-20 16:00:00.000000','2023-10-20 18:10:00.000000','극한직업'),(88,'bbb2','7_1','2023-10-20 16:00:00.000000','2023-10-20 18:10:00.000000','극한직업'),(89,'bbb2','8_1','2023-10-20 16:00:00.000000','2023-10-20 18:10:00.000000','극한직업'),(90,'bbb2','8_2','2023-10-20 16:00:00.000000','2023-10-20 18:10:00.000000','극한직업'),(91,'bbb2','9_2','2023-10-20 16:00:00.000000','2023-10-20 18:10:00.000000','극한직업'),(92,'bbb2','9_1','2023-10-20 16:00:00.000000','2023-10-20 18:10:00.000000','극한직업'),(93,'bbb2','4_1','2023-10-12 16:00:00.000000','2023-10-12 18:10:00.000000','신과함께인과연'),(94,'bbb2','5_1','2023-10-12 16:00:00.000000','2023-10-12 18:10:00.000000','신과함께인과연'),(95,'bbb2','6_1','2023-10-12 16:00:00.000000','2023-10-12 18:10:00.000000','신과함께인과연'),(96,'bbb2','7_1','2023-10-12 16:00:00.000000','2023-10-12 18:10:00.000000','신과함께인과연'),(97,'bbb2','8_1','2023-10-12 16:00:00.000000','2023-10-12 18:10:00.000000','신과함께인과연'),(98,'bbb2','9_1','2023-10-12 16:00:00.000000','2023-10-12 18:10:00.000000','신과함께인과연'),(99,'bbb2','1_1','2023-10-12 19:00:00.000000','2023-10-12 21:10:00.000000','아바타물의길'),(100,'bbb2','1_2','2023-10-12 19:00:00.000000','2023-10-12 21:10:00.000000','아바타물의길'),(101,'bbb2','1_3','2023-10-12 19:00:00.000000','2023-10-12 21:10:00.000000','아바타물의길'),(102,'bbb2','5_1','2023-10-15 07:00:00.000000','2023-10-15 09:10:00.000000','기생충'),(103,'bbb2','5_2','2023-10-15 07:00:00.000000','2023-10-15 09:10:00.000000','기생충'),(104,'bbb2','5_3','2023-10-15 07:00:00.000000','2023-10-15 09:10:00.000000','기생충'),(105,'bbb2','5_4','2023-10-15 07:00:00.000000','2023-10-15 09:10:00.000000','기생충'),(106,'bbb2','4_6','2023-10-11 07:00:00.000000','2023-10-11 09:10:00.000000','오펜하이머'),(107,'bbb2','4_5','2023-10-11 07:00:00.000000','2023-10-11 09:10:00.000000','오펜하이머'),(108,'ccc1','4_4','2023-10-12 07:00:00.000000','2023-10-12 09:10:00.000000','오펜하이머'),(109,'ccc1','4_5','2023-10-12 07:00:00.000000','2023-10-12 09:10:00.000000','오펜하이머'),(110,'ccc1','4_6','2023-10-12 07:00:00.000000','2023-10-12 09:10:00.000000','오펜하이머'),(111,'ccc1','10_3','2023-10-20 16:00:00.000000','2023-10-20 18:10:00.000000','극한직업'),(112,'ccc1','10_4','2023-10-20 16:00:00.000000','2023-10-20 18:10:00.000000','극한직업'),(113,'ccc1','9_3','2023-10-20 16:00:00.000000','2023-10-20 18:10:00.000000','극한직업'),(114,'ccc1','9_4','2023-10-20 16:00:00.000000','2023-10-20 18:10:00.000000','극한직업'),(115,'ccc1','9_5','2023-10-20 16:00:00.000000','2023-10-20 18:10:00.000000','극한직업'),(116,'ccc1','6_1','2023-10-15 07:00:00.000000','2023-10-15 09:10:00.000000','기생충'),(117,'ccc1','7_1','2023-10-15 07:00:00.000000','2023-10-15 09:10:00.000000','기생충'),(118,'ccc1','7_2','2023-10-15 07:00:00.000000','2023-10-15 09:10:00.000000','기생충'),(119,'ccc1','7_10','2023-10-15 07:00:00.000000','2023-10-15 09:10:00.000000','기생충'),(120,'ccc1','7_9','2023-10-15 07:00:00.000000','2023-10-15 09:10:00.000000','기생충'),(121,'ccc1','5_8','2023-10-12 16:00:00.000000','2023-10-12 18:10:00.000000','신과함께인과연'),(122,'ccc1','5_9','2023-10-12 16:00:00.000000','2023-10-12 18:10:00.000000','신과함께인과연'),(123,'ccc1','5_10','2023-10-12 16:00:00.000000','2023-10-12 18:10:00.000000','신과함께인과연'),(124,'ccc1','6_9','2023-10-12 16:00:00.000000','2023-10-12 18:10:00.000000','신과함께인과연'),(125,'ccc1','6_10','2023-10-12 16:00:00.000000','2023-10-12 18:10:00.000000','신과함께인과연'),(126,'ccc1','7_9','2023-10-12 16:00:00.000000','2023-10-12 18:10:00.000000','신과함께인과연'),(127,'ccc1','7_10','2023-10-12 16:00:00.000000','2023-10-12 18:10:00.000000','신과함께인과연'),(128,'ccc1','4_1','2023-10-11 19:00:00.000000','2023-10-11 21:10:00.000000','탑건매버릭'),(129,'ccc1','4_2','2023-10-11 19:00:00.000000','2023-10-11 21:10:00.000000','탑건매버릭'),(130,'ccc1','5_3','2023-10-11 19:00:00.000000','2023-10-11 21:10:00.000000','탑건매버릭'),(131,'ccc1','5_4','2023-10-11 19:00:00.000000','2023-10-11 21:10:00.000000','탑건매버릭'),(132,'ccc1','6_5','2023-10-11 19:00:00.000000','2023-10-11 21:10:00.000000','탑건매버릭'),(133,'ccc1','6_6','2023-10-11 19:00:00.000000','2023-10-11 21:10:00.000000','탑건매버릭'),(134,'rrr1','4_1','2023-10-13 07:00:00.000000','2023-10-13 09:10:00.000000','오펜하이머'),(135,'rrr1','5_1','2023-10-13 07:00:00.000000','2023-10-13 09:10:00.000000','오펜하이머'),(136,'rrr1','5_2','2023-10-13 07:00:00.000000','2023-10-13 09:10:00.000000','오펜하이머'),(137,'rrr1','4_2','2023-10-13 07:00:00.000000','2023-10-13 09:10:00.000000','오펜하이머'),(138,'rrr1','4_3','2023-10-13 07:00:00.000000','2023-10-13 09:10:00.000000','오펜하이머'),(139,'rrr1','5_3','2023-10-13 07:00:00.000000','2023-10-13 09:10:00.000000','오펜하이머'),(140,'rrr1','5_4','2023-10-13 07:00:00.000000','2023-10-13 09:10:00.000000','오펜하이머'),(141,'rrr1','4_4','2023-10-13 07:00:00.000000','2023-10-13 09:10:00.000000','오펜하이머'),(142,'rrr1','4_5','2023-10-13 07:00:00.000000','2023-10-13 09:10:00.000000','오펜하이머'),(143,'rrr1','5_5','2023-10-13 07:00:00.000000','2023-10-13 09:10:00.000000','오펜하이머'),(144,'rrr1','6_2','2023-10-15 07:00:00.000000','2023-10-15 09:10:00.000000','기생충'),(145,'rrr1','6_3','2023-10-15 07:00:00.000000','2023-10-15 09:10:00.000000','기생충'),(146,'rrr1','6_4','2023-10-15 07:00:00.000000','2023-10-15 09:10:00.000000','기생충'),(147,'rrr1','7_4','2023-10-15 07:00:00.000000','2023-10-15 09:10:00.000000','기생충'),(148,'rrr1','8_4','2023-10-15 07:00:00.000000','2023-10-15 09:10:00.000000','기생충'),(149,'rrr1','8_3','2023-10-15 07:00:00.000000','2023-10-15 09:10:00.000000','기생충'),(150,'rrr1','8_2','2023-10-15 07:00:00.000000','2023-10-15 09:10:00.000000','기생충'),(151,'rrr1','8_1','2023-10-15 07:00:00.000000','2023-10-15 09:10:00.000000','기생충'),(152,'rrr1','7_3','2023-10-15 07:00:00.000000','2023-10-15 09:10:00.000000','기생충'),(153,'rrr1','4_3','2023-10-20 16:00:00.000000','2023-10-20 18:10:00.000000','극한직업'),(154,'rrr1','4_4','2023-10-20 16:00:00.000000','2023-10-20 18:10:00.000000','극한직업'),(155,'rrr1','5_4','2023-10-20 16:00:00.000000','2023-10-20 18:10:00.000000','극한직업'),(156,'rrr1','6_4','2023-10-20 16:00:00.000000','2023-10-20 18:10:00.000000','극한직업'),(157,'rrr1','7_4','2023-10-20 16:00:00.000000','2023-10-20 18:10:00.000000','극한직업'),(158,'rrr1','8_4','2023-10-20 16:00:00.000000','2023-10-20 18:10:00.000000','극한직업'),(159,'rrr1','8_3','2023-10-20 16:00:00.000000','2023-10-20 18:10:00.000000','극한직업'),(160,'rrr1','7_3','2023-10-20 16:00:00.000000','2023-10-20 18:10:00.000000','극한직업'),(161,'rrr1','6_3','2023-10-20 16:00:00.000000','2023-10-20 18:10:00.000000','극한직업'),(162,'rrr1','5_3','2023-10-20 16:00:00.000000','2023-10-20 18:10:00.000000','극한직업'),(163,'rrr1','4_2','2023-10-12 16:00:00.000000','2023-10-12 18:10:00.000000','신과함께인과연'),(164,'rrr1','7_2','2023-10-12 16:00:00.000000','2023-10-12 18:10:00.000000','신과함께인과연'),(165,'rrr1','8_2','2023-10-12 16:00:00.000000','2023-10-12 18:10:00.000000','신과함께인과연'),(166,'rrr1','9_2','2023-10-12 16:00:00.000000','2023-10-12 18:10:00.000000','신과함께인과연'),(167,'rrr1','5_2','2023-10-12 16:00:00.000000','2023-10-12 18:10:00.000000','신과함께인과연'),(168,'rrr1','6_2','2023-10-12 16:00:00.000000','2023-10-12 18:10:00.000000','신과함께인과연'),(169,'rrr1','8_10','2023-10-12 16:00:00.000000','2023-10-12 18:10:00.000000','신과함께인과연'),(170,'rrr1','4_6','2023-10-14 07:00:00.000000','2023-10-14 09:10:00.000000','스파이더맨노웨이홈'),(171,'rrr1','4_5','2023-10-14 07:00:00.000000','2023-10-14 09:10:00.000000','스파이더맨노웨이홈'),(172,'rrr1','4_4','2023-10-14 07:00:00.000000','2023-10-14 09:10:00.000000','스파이더맨노웨이홈'),(173,'rrr1','4_3','2023-10-14 07:00:00.000000','2023-10-14 09:10:00.000000','스파이더맨노웨이홈'),(174,'qqq1','6_4','2023-10-12 07:00:00.000000','2023-10-12 09:10:00.000000','오펜하이머'),(175,'qqq1','6_5','2023-10-12 07:00:00.000000','2023-10-12 09:10:00.000000','오펜하이머'),(176,'qqq1','6_6','2023-10-12 07:00:00.000000','2023-10-12 09:10:00.000000','오펜하이머'),(177,'qqq1','6_7','2023-10-12 07:00:00.000000','2023-10-12 09:10:00.000000','오펜하이머'),(178,'qqq1','4_1','2023-10-15 07:00:00.000000','2023-10-15 09:10:00.000000','기생충'),(179,'qqq1','4_2','2023-10-15 07:00:00.000000','2023-10-15 09:10:00.000000','기생충'),(180,'qqq1','4_3','2023-10-15 07:00:00.000000','2023-10-15 09:10:00.000000','기생충'),(181,'qqq1','4_4','2023-10-15 07:00:00.000000','2023-10-15 09:10:00.000000','기생충'),(182,'qqq1','4_5','2023-10-20 16:00:00.000000','2023-10-20 18:10:00.000000','극한직업'),(183,'qqq1','5_5','2023-10-20 16:00:00.000000','2023-10-20 18:10:00.000000','극한직업'),(184,'qqq1','5_6','2023-10-20 16:00:00.000000','2023-10-20 18:10:00.000000','극한직업'),(185,'qqq1','4_6','2023-10-20 16:00:00.000000','2023-10-20 18:10:00.000000','극한직업'),(186,'qqq1','4_3','2023-10-12 16:00:00.000000','2023-10-12 18:10:00.000000','신과함께인과연'),(187,'qqq1','4_4','2023-10-12 16:00:00.000000','2023-10-12 18:10:00.000000','신과함께인과연'),(188,'qqq1','4_5','2023-10-12 16:00:00.000000','2023-10-12 18:10:00.000000','신과함께인과연'),(189,'qqq1','8_9','2023-10-12 16:00:00.000000','2023-10-12 18:10:00.000000','신과함께인과연'),(190,'qqq1','9_9','2023-10-12 16:00:00.000000','2023-10-12 18:10:00.000000','신과함께인과연'),(191,'qqq1','9_10','2023-10-12 16:00:00.000000','2023-10-12 18:10:00.000000','신과함께인과연'),(192,'qqq1','4_3','2023-10-12 19:00:00.000000','2023-10-12 21:10:00.000000','아바타물의길'),(193,'qqq1','4_4','2023-10-12 19:00:00.000000','2023-10-12 21:10:00.000000','아바타물의길'),(194,'qqq1','5_2','2023-10-12 19:00:00.000000','2023-10-12 21:10:00.000000','아바타물의길'),(195,'qqq1','5_1','2023-10-12 19:00:00.000000','2023-10-12 21:10:00.000000','아바타물의길'),(196,'qqq1','4_3','2023-10-11 19:00:00.000000','2023-10-11 21:10:00.000000','탑건매버릭'),(197,'qqq1','4_4','2023-10-11 19:00:00.000000','2023-10-11 21:10:00.000000','탑건매버릭'),(198,'qqq1','5_5','2023-10-11 19:00:00.000000','2023-10-11 21:10:00.000000','탑건매버릭'),(199,'qqq1','4_6','2023-10-14 13:00:00.000000','2023-10-14 15:10:00.000000','테넷'),(200,'qqq1','4_5','2023-10-14 13:00:00.000000','2023-10-14 15:10:00.000000','테넷');
/*!40000 ALTER TABLE `reserve` ENABLE KEYS */;
UNLOCK TABLES;

--
-- Table structure for table `review`
--

DROP TABLE IF EXISTS `review`;
/*!40101 SET @saved_cs_client     = @@character_set_client */;
/*!50503 SET character_set_client = utf8mb4 */;
CREATE TABLE `review` (
  `review_id` int NOT NULL AUTO_INCREMENT,
  `review_uid` varchar(20) NOT NULL,
  `review_grade` int NOT NULL,
  `review_olreview` varchar(300) NOT NULL,
  `review_moviename` varchar(50) NOT NULL,
  `review_writedate` date NOT NULL,
  PRIMARY KEY (`review_id`),
  UNIQUE KEY `review_id_UNIQUE` (`review_id`),
  KEY `review_moviename_idx` (`review_moviename`),
  KEY `review_uid_idx` (`review_uid`),
  CONSTRAINT `review_moviename` FOREIGN KEY (`review_moviename`) REFERENCES `movie` (`movie_name`) ON DELETE CASCADE ON UPDATE CASCADE,
  CONSTRAINT `review_uid` FOREIGN KEY (`review_uid`) REFERENCES `user` (`User_ID`) ON DELETE CASCADE ON UPDATE CASCADE
) ENGINE=InnoDB AUTO_INCREMENT=36 DEFAULT CHARSET=utf8mb3;
/*!40101 SET character_set_client = @saved_cs_client */;

--
-- Dumping data for table `review`
--

LOCK TABLES `review` WRITE;
/*!40000 ALTER TABLE `review` DISABLE KEYS */;
INSERT INTO `review` VALUES (1,'aaa1',5,'1','극한직업','2023-10-13'),(2,'aaa1',4,'1','기생충','2023-10-13'),(3,'aaa1',3,'1','스파이더맨노웨이홈','2023-10-13'),(4,'aaa1',2,'1','신과함께인과연','2023-10-13'),(5,'aaa1',5,'1','아바타물의길','2023-10-13'),(6,'aaa1',4,'1','오펜하이머','2023-10-13'),(7,'aaa1',3,'1','탑건매버릭','2023-10-13'),(8,'aaa1',2,'1','테넷','2023-10-13');
/*!40000 ALTER TABLE `review` ENABLE KEYS */;
UNLOCK TABLES;

--
-- Table structure for table `screening`
--

DROP TABLE IF EXISTS `screening`;
/*!40101 SET @saved_cs_client     = @@character_set_client */;
/*!50503 SET character_set_client = utf8mb4 */;
CREATE TABLE `screening` (
  `screening_id` int NOT NULL AUTO_INCREMENT,
  `screening_name` varchar(50) NOT NULL,
  `screening_day` date NOT NULL,
  `screening_stime` time NOT NULL,
  `screening_etime` time NOT NULL,
  PRIMARY KEY (`screening_id`),
  UNIQUE KEY `screening_id_UNIQUE` (`screening_id`),
  KEY `screening_name` (`screening_name`),
  CONSTRAINT `screening_ibfk_1` FOREIGN KEY (`screening_name`) REFERENCES `movie` (`movie_name`)
) ENGINE=InnoDB AUTO_INCREMENT=17 DEFAULT CHARSET=utf8mb3;
/*!40101 SET character_set_client = @saved_cs_client */;

--
-- Dumping data for table `screening`
--

LOCK TABLES `screening` WRITE;
/*!40000 ALTER TABLE `screening` DISABLE KEYS */;
INSERT INTO `screening` VALUES (1,'오펜하이머','2023-10-11','07:00:00','09:10:00'),(2,'오펜하이머','2023-10-11','10:00:00','12:10:00'),(3,'오펜하이머','2023-10-11','13:00:00','15:10:00'),(4,'오펜하이머','2023-10-11','16:00:00','18:10:00'),(5,'오펜하이머','2023-10-11','19:00:00','21:10:00'),(6,'오펜하이머','2023-10-12','07:00:00','09:10:00'),(7,'오펜하이머','2023-10-13','07:00:00','09:10:00'),(8,'오펜하이머','2023-10-14','07:00:00','09:10:00'),(9,'오펜하이머','2023-10-15','07:00:00','09:10:00'),(10,'극한직업','2023-10-20','16:00:00','18:10:00'),(11,'기생충','2023-10-15','07:00:00','09:10:00'),(12,'스파이더맨노웨이홈','2023-10-14','07:00:00','09:10:00'),(13,'신과함께인과연','2023-10-12','16:00:00','18:10:00'),(14,'아바타물의길','2023-10-12','19:00:00','21:10:00'),(15,'탑건매버릭','2023-10-11','19:00:00','21:10:00'),(16,'테넷','2023-10-14','13:00:00','15:10:00');
/*!40000 ALTER TABLE `screening` ENABLE KEYS */;
UNLOCK TABLES;

--
-- Table structure for table `user`
--

DROP TABLE IF EXISTS `user`;
/*!40101 SET @saved_cs_client     = @@character_set_client */;
/*!50503 SET character_set_client = utf8mb4 */;
CREATE TABLE `user` (
  `User_ID` varchar(20) NOT NULL,
  `User_pw` varchar(30) NOT NULL,
  `User_name` varchar(10) NOT NULL,
  `User_age` int NOT NULL,
  `User_phonenum` varchar(20) NOT NULL,
  `User_email` varchar(30) DEFAULT NULL,
  `User_cash` int DEFAULT '0',
  PRIMARY KEY (`User_ID`),
  UNIQUE KEY `userID_UNIQUE` (`User_ID`)
) ENGINE=InnoDB DEFAULT CHARSET=utf8mb3;
/*!40101 SET character_set_client = @saved_cs_client */;

--
-- Dumping data for table `user`
--

LOCK TABLES `user` WRITE;
/*!40000 ALTER TABLE `user` DISABLE KEYS */;
INSERT INTO `user` VALUES ('aaa1','aaa','U1',22,'111-2222-2222','aaa@exam.ple',500000),('aaa2','aaa','U2',24,'222-1111-1111','aaa2@exam.ple',300000),('aaa3','aaa','U3',15,'222-1111-2222','aaa3@exam.ple',400000),('aaa4','aaa','U4',15,'222-1121-2222','aaa4@exam.ple',400000),('aaa5','aaa','U5',16,'222-1211-2222','aaa5@exam.ple',200000),('aaa6','aaa','U6',17,'122-1111-2222','aaa6@exam.ple',400000),('aaa7','aaa','U7',19,'212-1111-2222','aaa7@exam.ple',900000),('aaa8','aaa','U8',25,'322-1111-2222','aaa8@exam.ple',480000),('aaa9','aaa','U9',12,'222-1411-2222','aaa9@exam.ple',300000),('bbb1','bbb','U10',25,'222-1111-2422','bbb1@exam.ple',2300000),('bbb2','bbb','U12',50,'444-5555-6666','bbb2@exam.ple',NULL),('ccc1','ccc','qwe',35,'010-7777-3333','ccc@ccc.com',0),('qqq1','qqq','qqq',12,'010-7777-3333','qqq@qqq.com',0),('rrr1','rrr','qwe',41,'010-7777-3333','rrr@rrr.com',0);
/*!40000 ALTER TABLE `user` ENABLE KEYS */;
UNLOCK TABLES;
/*!40103 SET TIME_ZONE=@OLD_TIME_ZONE */;

/*!40101 SET SQL_MODE=@OLD_SQL_MODE */;
/*!40014 SET FOREIGN_KEY_CHECKS=@OLD_FOREIGN_KEY_CHECKS */;
/*!40014 SET UNIQUE_CHECKS=@OLD_UNIQUE_CHECKS */;
/*!40101 SET CHARACTER_SET_CLIENT=@OLD_CHARACTER_SET_CLIENT */;
/*!40101 SET CHARACTER_SET_RESULTS=@OLD_CHARACTER_SET_RESULTS */;
/*!40101 SET COLLATION_CONNECTION=@OLD_COLLATION_CONNECTION */;
/*!40111 SET SQL_NOTES=@OLD_SQL_NOTES */;

-- Dump completed on 2023-12-04 13:38:16
